{
  "sequential": {
    "model_type": "hebbian",
    "condition": "sequential",
    "architecture": [
      784,
      100,
      10
    ],
    "learning_rates": {
      "hidden_lr": 0.001,
      "output_lr": 0.001
    },
    "optimizer": "none (direct local Oja and delta updates)",
    "old_class_acc_trace": [
      0.013831258644536652,
      74.60580913687478,
      80.66390042153301,
      82.66943294807425,
      84.01106502340377,
      84.97925312852134,
      85.40802214650198,
      85.68464731939271,
      86.00276626821706,
      86.39004151026408,
      86.86030431736884,
      87.31673585263854,
      87.66251731875197,
      88.10511759537714,
      88.18810513405384,
      88.64453668086526,
      88.65836792796809,
      88.89349932492522,
      88.9626556181479,
      89.08713694594873,
      89.08713694594873,
      56.48686032737109,
      23.12586446026054,
      11.230982022249188,
      7.538035964982308,
      5.131396957844454,
      3.4716459197787,
      2.3374827109266945,
      1.4246196403872753,
      0.9266943291839558,
      0.636237897648686,
      0.359612724757953,
      0.24896265560165973,
      0.12448132780082986,
      0.06915629322268327,
      0.05532503457814661,
      0.013831258644536652,
      0.0,
      0.0,
      0.0
    ],
    "phase1_accuracy": 89.08713694594873,
    "retained_old_accuracy": 0.0,
    "forgetting": 89.08713694594873,
    "new_class_acc_final": 92.45124764101489,
    "phase1_epochs": 20,
    "phase2_epochs": 20,
    "record_initial_baseline": true,
    "seed": 0,
    "phase1_results": {
      "avg_train_losses": [
        2.5957160480621977,
        1.7980582329125951,
        1.075588729207056,
        0.8254580261762217,
        0.6963203394632885,
        0.6191663703180682,
        0.5688200128945189,
        0.5342368770313233,
        0.508438637158106,
        0.4893825322831663,
        0.4742918459071378,
        0.46096979602112786,
        0.448601526871086,
        0.43846719725865707,
        0.42940641931409645,
        0.42233644945626375,
        0.4167625459776353,
        0.41120260792297525,
        0.4062923046870226,
        0.40276268264031273
      ],
      "avg_valid_losses": [
        2.596771629354601,
        1.295054217262057,
        0.9267364466668494,
        0.7577396158031079,
        0.661179133322229,
        0.6003124551654356,
        0.5599467000031373,
        0.5307953417383618,
        0.509374718102182,
        0.4924756441868192,
        0.47758994305282215,
        0.46494524778996593,
        0.45302905329035525,
        0.4432128936423306,
        0.4350639846809672,
        0.4281317131483044,
        0.42235487082852036,
        0.41726493067101655,
        0.4130568868721504,
        0.4092556180960575
      ],
      "avg_train_accuracies": [
        0.010421370757633655,
        49.369507069577274,
        78.50765970647159,
        82.4504116455943,
        84.10046201596707,
        85.05922812566938,
        85.82693576858296,
        86.34800430791401,
        86.7579115562649,
        87.03234098766531,
        87.33456073963667,
        87.7201514591185,
        88.04321395260514,
        88.26553652835388,
        88.6546010356036,
        88.89429256302918,
        89.08882481820694,
        89.20693368679345,
        89.40146593990067,
        89.50567964747702
      ],
      "avg_valid_accuracies": [
        0.013831258644536652,
        74.60580913687478,
        80.66390042153301,
        82.66943294807425,
        84.01106502340377,
        84.97925312852134,
        85.40802214650198,
        85.68464731939271,
        86.00276626821706,
        86.39004151026408,
        86.86030431736884,
        87.31673585263854,
        87.66251731875197,
        88.10511759537714,
        88.18810513405384,
        88.64453668086526,
        88.65836792796809,
        88.89349932492522,
        88.9626556181479,
        89.08713694594873
      ]
    },
    "phase2_results": {
      "avg_train_losses": [
        6.481418844339961,
        3.0204602941534104,
        1.0479660115393885,
        0.7765496791470022,
        0.6426950681280293,
        0.5573847234044373,
        0.4970623725030404,
        0.4511147349486555,
        0.4149341447719168,
        0.38687661286446184,
        0.3635881039588027,
        0.345266570741656,
        0.3307389639177617,
        0.3191501606797482,
        0.309951713634999,
        0.3021443475201064,
        0.2960716758593816,
        0.2906357328576824,
        0.28585610562840275,
        0.2817107892094138
      ],
      "avg_valid_losses": [
        0.4092556180960575,
        1.4211819644785522,
        2.4937945036142857,
        3.1379761107564796,
        3.598093844581277,
        3.950698790345779,
        4.240913573274309,
        4.476361044280922,
        4.681109170794982,
        4.841602704798697,
        4.990885521399365,
        5.130853818758889,
        5.239917478389924,
        5.340953604776005,
        5.435610786348293,
        5.527957104911119,
        5.602852472197136,
        5.683011639992066,
        5.764891353913198,
        5.833182572197288
      ],
      "avg_train_accuracies": [
        0.0,
        16.409909444134726,
        75.48662433766222,
        82.9967731887001,
        86.98344957298674,
        89.01321952990963,
        90.6162173415218,
        91.3032164047049,
        91.86010201391525,
        92.09430624000039,
        92.22962423481232,
        92.34932861951532,
        92.34932861579274,
        92.40657853958596,
        92.37535130882084,
        92.47423754009407,
        92.5106693061145,
        92.5679192280464,
        92.63037368585407,
        92.69282814614344
      ],
      "avg_valid_accuracies": [
        89.08713694594873,
        56.48686032737109,
        23.12586446026054,
        11.230982022249188,
        7.538035964982308,
        5.131396957844454,
        3.4716459197787,
        2.3374827109266945,
        1.4246196403872753,
        0.9266943291839558,
        0.636237897648686,
        0.359612724757953,
        0.24896265560165973,
        0.12448132780082986,
        0.06915629322268327,
        0.05532503457814661,
        0.013831258644536652,
        0.0,
        0.0,
        0.0
      ]
    }
  },
  "interleaved": {
    "model_type": "hebbian",
    "condition": "interleaved",
    "architecture": [
      784,
      100,
      10
    ],
    "learning_rates": {
      "hidden_lr": 0.001,
      "output_lr": 0.001
    },
    "optimizer": "none (direct local Oja and delta updates)",
    "old_class_acc_trace": [
      0.013831258644536652,
      74.60580913687478,
      80.66390042153301,
      82.66943294807425,
      84.01106502340377,
      84.97925312852134,
      85.40802214650198,
      85.68464731939271,
      86.00276626821706,
      86.39004151026408,
      86.86030431736884,
      87.31673585263854,
      87.66251731875197,
      88.10511759537714,
      88.18810513405384,
      88.64453668086526,
      88.65836792796809,
      88.89349932492522,
      88.9626556181479,
      89.08713694594873,
      89.08713694594873,
      84.78561550749782,
      82.7662517470443,
      81.57676350361413,
      81.54910098632506,
      80.85753805409823,
      80.22130015644954,
      80.48409407069575,
      80.69156295036379,
      80.59474414150085,
      80.52558784827816,
      80.26279393403198,
      80.22130015809836,
      80.13831259304062,
      80.0138312652398,
      79.88934994898067,
      79.77869987982437,
      79.57123100015633,
      79.3775933675911,
      79.57123101169803
    ],
    "phase1_accuracy": 89.08713694594873,
    "retained_old_accuracy": 79.57123101169803,
    "forgetting": 9.515905934250696,
    "new_class_acc_final": 83.41371356678549,
    "phase1_epochs": 20,
    "phase2_epochs": 20,
    "record_initial_baseline": true,
    "seed": 0,