architecture,condition,phase1_old_accuracy,retained_old_accuracy,forgetting,new_class_accuracy,learning_rate,optimizer,seed
784 -> 100 -> 10,sequential,89.08713694594873,0.0,89.08713694594873,92.45124764101489,0.001,none,0
784 -> 100 -> 10,interleaved,89.08713694594873,79.57123101169803,9.515905934250696,83.41371356678549,0.001,none,0
784 -> 1000 -> 10,sequential,90.15214386157805,0.0,90.15214386157805,91.78024743132733,0.001,none,0
784 -> 1000 -> 10,interleaved,90.15214386157805,84.43983404138442,5.712309820193639,84.48312015097505,0.001,none,0
784 -> 300 -> 300 -> 10,sequential,83.18118951792209,0.0,83.18118951792209,91.08827846508701,0.001,none,0
784 -> 300 -> 300 -> 10,interleaved,83.18118951792209,78.65836791972401,4.522821598198078,74.9003984063745,0.001,none,0
