{
  "sequential": {
    "model_type": "hebbian",
    "condition": "sequential",
    "architecture": [
      784,
      300,
      300,
      10
    ],
    "learning_rates": {
      "hidden_lr": 0.01,
      "output_lr": 0.01
    },
    "optimizer": "none (direct local Oja and delta updates)",
    "old_class_acc_trace": [
      0.0,
      82.21300141280452,
      82.39280776199298,
      82.51728910298434,
      85.39419088950625,
      86.11341633902217,
      84.82710928508025,
      83.83125867421532,
      81.49377595339573,
      81.83955740631863,
      83.76210236945093,
      83.08437068597576,
      83.26417704835472,
      83.38865838934608,
      82.91839558224132,
      81.75656986764193,
      83.07053943887291,
      84.70262794738653,
      83.76210237109974,
      81.72890734045997,
      81.72890734045997,
      0.0,
      0.0,
      0.0,
      0.0,
      0.0,
      0.0,
      0.0,
      0.0,
      0.0,
      0.0,
      0.0,
      0.0,
      0.0,
      0.0,
      0.0,
      0.0,
      0.0,
      0.0,
      0.0
    ],
    "phase1_accuracy": 81.72890734045997,
    "retained_old_accuracy": 0.0,
    "forgetting": 81.72890734045997,
    "new_class_acc_final": 82.91046340951982,
    "phase1_epochs": 20,
    "phase2_epochs": 20,
    "record_initial_baseline": true,
    "seed": 0,
    "phase1_results": {
      "avg_train_losses": [
        2.4790119411805622,
        1.0989872540410397,
        0.6989739104951662,
        0.6891289268747682,
        0.6379153547002246,
        0.597187523444397,
        0.5902790158120524,
        0.5936450738774677,
        0.6272999070926154,
        0.6551810853589872,
        0.6046342435602672,
        0.5981944054649857,
        0.5984114266081277,
        0.5950318992502324,
        0.6002594192763419,
        0.606903366964772,
        0.6158511403220921,
        0.5799660531704773,
        0.5596297488864557,
        0.5910769944934385
      ],
      "avg_valid_losses": [
        2.4716258521891232,
        0.7556212308330984,
        0.70611130503698,
        0.6728929045619146,
        0.6029578307852211,
        0.5923567785761663,
        0.5922935761191868,
        0.5950203153602315,
        0.6634897781440661,
        0.6408345192794483,
        0.5792726685067595,
        0.61110811789171,
        0.598270112696525,
        0.6016262489070866,
        0.6046549389965802,
        0.6070297697273033,
        0.6003239674851772,
        0.5665833468588886,
        0.565207670684672,
        0.6325153533683608
      ],
      "avg_train_accuracies": [
        0.0,
        74.58922430408599,
        84.22204467335675,
        82.45735922361474,
        84.28457289645318,
        85.41355473142892,
        85.04533296217454,
        84.51384305312112,
        82.85337131240482,
        81.47427658359402,
        83.25980477236664,
        83.0652725207088,
        83.3362281589579,
        83.14516969506795,
        82.95758502184465,
        82.21419390883538,
        81.88765762323271,
        83.9302462917289,
        84.26373015493792,
        82.8603188947734
      ],
      "avg_valid_accuracies": [
        0.0,
        82.21300141280452,
        82.39280776199298,
        82.51728910298434,
        85.39419088950625,
        86.11341633902217,
        84.82710928508025,
        83.83125867421532,
        81.49377595339573,
        81.83955740631863,
        83.76210236945093,
        83.08437068597576,
        83.26417704835472,
        83.38865838934608,
        82.91839558224132,
        81.75656986764193,
        83.07053943887291,
        84.70262794738653,
        83.76210237109974,
        81.72890734045997
      ]
    },
    "phase2_results": {
      "avg_train_losses": [
        9.75110457245537,
        1.086915653969453,
        0.5097846854324952,
        0.4549963916267529,
        0.4635256469044984,
        0.4765746500348901,
        0.47108575960122373,
        0.46836966237702204,
        0.4676380923949085,
        0.4529289212052651,
        0.45975425717819984,
        0.5098777225502227,
        0.505044086010235,
        0.5200067263643712,
        0.5311740956160532,
        0.5550394686039968,
        0.6161266733521265,
        0.6145360944880845,
        0.5826978430522646,
        0.5791725342537022
      ],
      "avg_valid_losses": [
        0.6325153533683608,
        6.221852179483754,
        7.322595373393754,
        8.045692486584928,
        8.590628491793431,
        9.20723396158812,
        9.676902058972033,
        10.017893391262282,
        9.950310765130556,
        9.798586086415652,
        9.80045312351211,
        10.1789150388409,
        10.549399870032262,
        11.064104170423326,
        11.35295712693928,
        11.134880642607333,
        10.616571263093013,
        10.300211676126693,
        10.551076174375922,
        10.886526812689269
      ],
      "avg_train_accuracies": [
        0.0,
        81.1855938403083,
        91.15228479482063,
        90.60060372644946,
        89.57530967499571,
        88.92474237845344,
        88.89351514520662,
        89.00281045319474,
        88.58644738335806,
        88.62287915372148,
        88.12844800666181,
        86.92099511269737,
        86.98344957112546,
        85.26074737481028,
        84.76631623023232,
        83.91277194085175,
        80.87332153762058,
        79.93650463514128,
        81.70084313831605,
        82.22129697344039
      ],
      "avg_valid_accuracies": [
        81.72890734045997,
        0.0,
        0.0,
        0.0,
        0.0,
        0.0,
        0.0,
        0.0,
        0.0,
        0.0,
        0.0,
        0.0,
        0.0,
        0.0,
        0.0,
        0.0,
        0.0,
        0.0,
        0.0,
        0.0
      ]
    }
  },
  "interleaved": {
    "model_type": "hebbian",
    "condition": "interleaved",
    "architecture": [
      784,
      300,
      300,
      10
    ],
    "learning_rates": {
      "hidden_lr": 0.01,
      "output_lr": 0.01
    },
    "optimizer": "none (direct local Oja and delta updates)",
    "old_class_acc_trace": [
      0.0,
      82.21300141280452,
      82.39280776199298,
      82.51728910298434,
      85.39419088950625,
      86.11341633902217,
      84.82710928508025,
      83.83125867421532,
      81.49377595339573,
      81.83955740631863,
      83.76210236945093,
      83.08437068597576,
      83.26417704835472,
      83.38865838934608,
      82.91839558224132,
      81.75656986764193,
      83.07053943887291,
      84.70262794738653,
      83.76210237109974,
      81.72890734045997,
      81.72890734045997,
      71.35546337024799,
      71.65975104723728,
      71.27247580519025,
      70.60857539437454,
      71.18948825332303,
      66.29322270634758,
      73.76210236120686,
      64.88243431306314,
      72.46196406181092,
      70.4149377708778,
      70.3042877017215,
      73.55463349308052,
      72.51728907990092,
      74.78561549925375,
      73.1535269775496,
      64.49515907348933,
      70.24896267538743,
      67.04011067315257,
      69.46058091286307
    ],
    "phase1_accuracy": 81.72890734045997,
    "retained_old_accuracy": 69.46058091286307,
    "forgetting": 12.268326427596904,
    "new_class_acc_final": 72.23736632417697,
    "phase1_epochs": 20,
    "phase2_epochs": 20,
    "record_initial_baseline": true,
    "seed": 0,
    "phase1_results": {
      "avg_train_losses": [
        2.4790119411805622,
        1.0989872540410397,
        0.6989739104951662,
        0.6891289268747682,
        0.6379153547002246,
        0.597187523444397,
        0.5902790158120524,
        0.5936450738774677,
        0.6272999070926154,
        0.6551810853589872,
        0.6046342435602672,
        0.5981944054649857,
        0.5984114266081277,
        0.5950318992502324,
        0.6002594192763419,
        0.606903366964772,
        0.6158511403220921,
        0.5799660531704773,
        0.5596297488864557,
        0.5910769944934385
      ],