{
  "sequential": {
    "model_type": "hebbian",
    "condition": "sequential",
    "architecture": [
      784,
      1000,
      10
    ],
    "learning_rates": {
      "hidden_lr": 0.001,
      "output_lr": 0.001
    },
    "optimizer": "none (direct local Oja and delta updates)",
    "old_class_acc_trace": [
      12.932226834084485,
      84.5089903362559,
      87.99446751303033,
      89.40525589477308,
      90.26279394227605,
      90.6639004429676,
      90.76071925347937,
      91.02351316772555,
      91.16182575417092,
      91.16182575417092,
      91.078838190762,
      90.98201938025025,
      90.87136931109396,
      90.78838175922674,
      90.78838175922674,
      90.59474413820323,
      90.41493777582424,
      90.27662518937888,
      90.16597512022258,
      90.15214386157805,
      90.15214386157805,
      5.933609958506223,
      1.7427385892116183,
      0.4149377593360996,
      0.11065006915629322,
      0.0,
      0.0,
      0.0,
      0.0,
      0.0,
      0.0,
      0.0,
      0.0,
      0.0,
      0.0,
      0.0,
      0.0,
      0.0,
      0.0,
      0.0
    ],
    "phase1_accuracy": 90.15214386157805,
    "retained_old_accuracy": 0.0,
    "forgetting": 90.15214386157805,
    "new_class_acc_final": 91.78024743132733,
    "phase1_epochs": 20,
    "phase2_epochs": 20,
    "record_initial_baseline": true,
    "seed": 0,
    "phase1_results": {
      "avg_train_losses": [
        2.292932465329301,
        1.141910729229121,
        0.6123811340679468,
        0.4826021096272985,
        0.42337121374370135,
        0.3901500189828613,
        0.37018697622581254,
        0.35872669960416637,
        0.35171368322467017,
        0.348238198908818,
        0.34623774898347476,
        0.3467755240498244,
        0.3477668351246185,
        0.35020135469740105,
        0.3527772682834592,
        0.35569299918102787,
        0.36004027960048834,
        0.3647267004648341,
        0.36684383357470224,
        0.36834071501072346
      ],
      "avg_valid_losses": [
        2.303214218342782,
        0.7418392433170461,
        0.536148158231052,
        0.4532749304138279,
        0.4098790493248904,
        0.384304699107984,
        0.3689958082360021,
        0.358929139416907,
        0.3532696165896715,
        0.34988139542966135,
        0.349913612712963,
        0.35072183153111575,
        0.3515120488891628,
        0.35381227820740696,
        0.3562764304389927,
        0.3597595732324186,
        0.36457195331446857,
        0.3676764140237911,
        0.37053545769484375,
        0.37159583865359613
      ],
      "avg_train_accuracies": [
        13.975058186038494,
        75.00955292464387,
        87.26508493562105,
        89.20693368534408,
        90.16222600479384,
        90.74234897883225,
        90.98204050335907,
        91.12446590619805,
        91.21825824053211,
        91.22867961128975,
        91.20783686977447,
        91.14530864812743,
        91.10362316219813,
        90.9334074423081,
        90.8535102654643,
        90.76666550770132,
        90.64855664159944,
        90.53044777156354,
        90.38107479111824,
        90.34286309834026
      ],
      "avg_valid_accuracies": [
        12.932226834084485,
        84.5089903362559,
        87.99446751303033,
        89.40525589477308,
        90.26279394227605,
        90.6639004429676,
        90.76071925347937,
        91.02351316772555,
        91.16182575417092,
        91.16182575417092,
        91.078838190762,
        90.98201938025025,
        90.87136931109396,
        90.78838175922674,
        90.78838175922674,
        90.59474413820323,
        90.41493777582424,
        90.27662518937888,
        90.16597512022258,
        90.15214386157805
      ]
    },
    "phase2_results": {
      "avg_train_losses": [
        8.4100995321384,
        1.2936436468658754,
        0.5061511150958251,
        0.390993249528649,
        0.3367069945029392,
        0.30565781348005,
        0.2859055508609442,
        0.27288070019554417,
        0.2640073930632749,
        0.25822611529571254,
        0.25410067568330225,
        0.25093287828872685,
        0.24906457183673006,
        0.2476867938917733,
        0.24696754252450256,
        0.24673152463150977,
        0.24811148011896605,
        0.2501355394669846,
        0.25289270574169004,
        0.25633102075154246
      ],
      "avg_valid_losses": [
        0.37159583865359613,
        3.314572309557333,
        4.047608535418372,
        4.449202739087708,
        4.71374661708109,
        4.906894566442297,
        5.050715252175865,
        5.158221856456245,
        5.233346020367465,
        5.290118876730258,
        5.3397631167705955,
        5.39717363486811,
        5.458007793241847,
        5.512340539059039,
        5.587529669164128,
        5.667420319732623,
        5.739452447535092,
        5.8370761209173985,
        5.960439409754583,
        6.068084158969948
      ],
      "avg_train_accuracies": [
        0.0,
        75.64276048962651,
        92.04746539478336,
        92.60435099406683,
        92.96866868156988,
        93.15082752408055,
        93.28094098053504,
        93.31737274903716,
        93.2965546005708,
        93.25491829371121,
        93.21848652024566,
        93.25491829371121,
        93.13000937313248,
        93.1768502183495,
        93.12480483229332,
        93.11439575619885,
        92.96866868156988,
        92.89580514704733,
        92.73446445300301,
        92.48464661432725
      ],
      "avg_valid_accuracies": [
        90.15214386157805,
        5.933609958506223,
        1.7427385892116183,
        0.4149377593360996,
        0.11065006915629322,
        0.0,
        0.0,
        0.0,
        0.0,
        0.0,
        0.0,
        0.0,
        0.0,
        0.0,
        0.0,
        0.0,
        0.0,
        0.0,
        0.0,
        0.0
      ]
    }
  },
  "interleaved": {
    "model_type": "hebbian",
    "condition": "interleaved",
    "architecture": [
      784,
      1000,
      10
    ],
    "learning_rates": {
      "hidden_lr": 0.001,
      "output_lr": 0.001
    },
    "optimizer": "none (direct local Oja and delta updates)",
    "old_class_acc_trace": [
      12.932226834084485,
      84.5089903362559,
      87.99446751303033,
      89.40525589477308,
      90.26279394227605,
      90.6639004429676,
      90.76071925347937,
      91.02351316772555,
      91.16182575417092,
      91.16182575417092,
      91.078838190762,
      90.98201938025025,
      90.87136931109396,
      90.78838175922674,
      90.78838175922674,
      90.59474413820323,
      90.41493777582424,
      90.27662518937888,
      90.16597512022258,
      90.15214386157805,
      90.15214386157805,
      86.51452285125542,
      86.3900415119129,
      85.8644536834205,
      85.90594747089581,
      86.07192257463025,
      85.18672202137991,
      85.80912866038406,
      84.93775935258773,
      85.61549102617002,
      85.0760719390331,
      85.20055327837562,
      85.44951593397728,
      85.44951593397728,
      85.11756572815722,
      84.93775935423655,
      85.13139698515295,
      84.84094054207597,
      84.7717842488533,
      84.43983404138442
    ],
    "phase1_accuracy": 90.15214386157805,
    "retained_old_accuracy": 84.43983404138442,
    "forgetting": 5.712309820193639,
    "new_class_acc_final": 84.48312015097505,
    "phase1_epochs": 20,
    "phase2_epochs": 20,
    "record_initial_baseline": true,
    "seed": 0,