{
  "lin1_weight": 0.049617379019036886,
  "lin2_weight": 0.9999999642372132
}