{
  "sequential": {
    "model_type": "hebbian",
    "condition": "sequential",
    "architecture": [
      784,
      1000,
      10
    ],
    "learning_rates": {
      "hidden_lr": 0.01,
      "output_lr": 0.01
    },
    "optimizer": "none (direct local Oja and delta updates)",
    "old_class_acc_trace": [
      12.932226834084485,
      90.19363764905336,
      89.62655604462736,
      89.28077457851394,
      88.7690180086661,
      89.05947444020136,
      87.69017982285052,
      87.96680500893177,
      87.69017983439223,
      88.29875520156132,
      87.48271095637298,
      87.80082989200682,
      86.6251729187629,
      87.60719226933449,
      86.7358229780263,
      87.31673583944803,
      86.90179808011193,
      87.41355464831098,
      86.65283542451027,
      86.91562933875647,
      86.91562933875647,
      0.5532503457814661,
      0.12448132780082986,
      0.0,
      0.0,
      0.0,
      0.0,
      0.0,
      0.0,
      0.0,
      0.0,
      0.0,
      0.0,
      0.0,
      0.0,
      0.0,
      0.0,
      0.0,
      0.0,
      0.0
    ],
    "phase1_accuracy": 86.91562933875647,
    "retained_old_accuracy": 0.0,
    "forgetting": 86.91562933875647,
    "new_class_acc_final": 89.66240301950094,
    "phase1_epochs": 20,
    "phase2_epochs": 20,
    "record_initial_baseline": true,
    "seed": 0,
    "phase1_results": {
      "avg_train_losses": [
        2.292932465329301,
        0.49009128969276455,
        0.36298824829300236,
        0.38055921406900706,
        0.39089033417278174,
        0.3975943530577363,
        0.39634653122008406,
        0.40806437551915203,
        0.41732016310039366,
        0.40829467566072886,
        0.4188216146930996,
        0.4192737848126686,
        0.4146250099100036,
        0.422096071457028,
        0.42896255806896477,
        0.429537769633111,
        0.4232793511498586,
        0.43743269072553953,
        0.4418231897266004,
        0.4439520659073025
      ],
      "avg_valid_losses": [
        2.303214218342782,
        0.3649605089698095,
        0.3870286165925972,
        0.3839739120847457,
        0.3990462122781313,
        0.3940594709595539,
        0.41883367598468996,
        0.41492468394019627,
        0.4256845132443915,
        0.4046287471822683,
        0.4297560194551038,
        0.4160807666771969,
        0.4463851498864993,
        0.4225570820426545,
        0.4557687339446357,
        0.43472860075461256,
        0.4496198589706157,
        0.44364222464554864,
        0.4589250159461469,
        0.4539783561378099
      ],
      "avg_train_accuracies": [
        13.975058186038494,
        87.8521554883011,
        90.40191753118414,
        89.5682078716087,
        89.08882481820694,
        88.73102442115959,
        88.75534095189212,
        88.35585507492004,
        88.12311112551491,
        88.35238128218285,
        88.05710911071655,
        87.91468370974107,
        88.13005870891875,
        88.05016153021147,
        87.72362524895694,
        87.84173411650818,
        88.04321395115576,
        87.438774447213,
        87.476986139991,
        87.3831938031723
      ],
      "avg_valid_accuracies": [
        12.932226834084485,
        90.19363764905336,
        89.62655604462736,
        89.28077457851394,
        88.7690180086661,
        89.05947444020136,
        87.69017982285052,
        87.96680500893177,
        87.69017983439223,
        88.29875520156132,
        87.48271095637298,
        87.80082989200682,
        86.6251729187629,
        87.60719226933449,
        86.7358229780263,
        87.31673583944803,
        86.90179808011193,
        87.41355464831098,
        86.65283542451027,
        86.91562933875647
      ]
    },
    "phase2_results": {
      "avg_train_losses": [
        10.97514579580765,
        0.46109257020972155,
        0.25755073860220973,
        0.26494111480394733,
        0.28155693527537157,
        0.29053891854453956,
        0.2906255780482585,
        0.28830645996830995,
        0.2945557858465712,
        0.2998335483146903,
        0.30147748429879223,
        0.298113362848343,
        0.29599664333994113,
        0.29748895833838973,
        0.29903395652175385,
        0.3012595781863536,
        0.3084629885212519,
        0.31034438876489256,
        0.3026627526284381,
        0.3073086381188116
      ],
      "avg_valid_losses": [
        0.4539783561378099,
        5.5076956789853,
        6.388642931578071,
        8.78023034883238,
        10.350461293190182,
        9.61608964437271,
        9.287697476799886,
        10.733539916601748,
        11.425967246566076,
        10.883643414139913,
        10.745624527199139,
        11.475895861603247,
        11.589250322133509,
        11.275514446485422,
        11.48767083222111,
        12.068370640756019,
        11.964622190483379,
        11.932245871041326,
        12.396108947848878,
        12.830888184406286
      ],
      "avg_train_accuracies": [
        0.0,
        90.00728635618215,
        92.4898511526847,
        91.9798063911731,
        91.10023941372788,
        90.7879671097993,
        90.92328510461122,
        90.80358072238992,
        90.66826273005972,
        90.4913084259065,
        90.3091495784324,
        90.41844488890223,
        90.2727178148937,
        90.23628604639156,
        90.29353596832348,
        90.0957635070179,
        90.03330905045111,
        89.77308213071743,
        90.06453627563235,
        89.8615592821736
      ],
      "avg_valid_accuracies": [
        86.91562933875647,
        0.5532503457814661,
        0.12448132780082986,
        0.0,
        0.0,
        0.0,
        0.0,
        0.0,
        0.0,
        0.0,
        0.0,
        0.0,
        0.0,
        0.0,
        0.0,
        0.0,
        0.0,
        0.0,
        0.0,
        0.0
      ]
    }
  },
  "interleaved": {
    "model_type": "hebbian",
    "condition": "interleaved",
    "architecture": [
      784,
      1000,
      10
    ],
    "learning_rates": {
      "hidden_lr": 0.01,
      "output_lr": 0.01
    },
    "optimizer": "none (direct local Oja and delta updates)",
    "old_class_acc_trace": [
      12.932226834084485,
      90.19363764905336,
      89.62655604462736,
      89.28077457851394,
      88.7690180086661,
      89.05947444020136,
      87.69017982285052,
      87.96680500893177,
      87.69017983439223,
      88.29875520156132,
      87.48271095637298,
      87.80082989200682,
      86.6251729187629,
      87.60719226933449,
      86.7358229780263,
      87.31673583944803,
      86.90179808011193,
      87.41355464831098,
      86.65283542451027,
      86.91562933875647,
      86.91562933875647,
      81.02351316772555,
      82.72475796781306,
      82.19917015415999,
      73.23651455250024,
      82.323651480312,
      66.32088522033902,
      82.94605811931616,
      65.7538036142642,
      82.55878286572744,
      80.27662520256939,
      79.43291842525267,
      81.35546336200392,
      81.96403875720286,
      81.24481329284762,
      74.923928095592,
      81.70124484130785,
      78.49239283577535,
      78.45089904665123,
      77.74550487061919
    ],
    "phase1_accuracy": 86.91562933875647,
    "retained_old_accuracy": 77.74550487061919,
    "forgetting": 9.170124468137288,
    "new_class_acc_final": 79.9119312224785,
    "phase1_epochs": 20,
    "phase2_epochs": 20,
    "record_initial_baseline": true,
    "seed": 0,