{
  "sequential": {
    "model_type": "hebbian",
    "condition": "sequential",
    "architecture": [
      784,
      300,
      300,
      10
    ],
    "learning_rates": {
      "hidden_lr": 0.001,
      "output_lr": 0.001
    },
    "optimizer": "none (direct local Oja and delta updates)",
    "old_class_acc_trace": [
      0.0,
      66.86030431077359,
      73.62378977476149,
      76.54218534710992,
      78.68603043701309,
      81.05117567512174,
      81.68741357277042,
      82.04702629752838,
      83.30567084572293,
      83.65145230029464,
      84.60580915830937,
      84.6196404169539,
      84.97925312852134,
      85.47717845291518,
      84.75795300339927,
      84.68879671017659,
      84.21853391626234,
      83.7482711223481,
      83.74827110915759,
      83.18118951792209,
      83.18118951792209,
      4.8962655601659755,
      0.0,
      0.0,
      0.0,
      0.0,
      0.0,
      0.0,
      0.0,
      0.0,
      0.0,
      0.0,
      0.0,
      0.0,
      0.0,
      0.0,
      0.0,
      0.0,
      0.0,
      0.0
    ],
    "phase1_accuracy": 83.18118951792209,
    "retained_old_accuracy": 0.0,
    "forgetting": 83.18118951792209,
    "new_class_acc_final": 91.08827846508701,
    "phase1_epochs": 20,
    "phase2_epochs": 20,
    "record_initial_baseline": true,
    "seed": 0,
    "phase1_results": {
      "avg_train_losses": [
        2.4790119411805622,
        1.8419064943749108,
        1.496497083721518,
        1.2802293261454039,
        1.126519975398196,
        1.0153575252798386,
        0.9329263487835999,
        0.8702440838776181,
        0.8207547749679426,
        0.7824478684131105,
        0.7509626425533796,
        0.72595759432301,
        0.7059038440478939,
        0.6904052088536198,
        0.6789970711387615,
        0.6714976161162428,
        0.668636461881308,
        0.6699399207197961,
        0.6739251667223233,
        0.6794004866217765
      ],
      "avg_valid_losses": [
        2.4716258521891232,
        1.6318245518092134,
        1.3771303101034416,
        1.196615893217538,
        1.068453471393506,
        0.974792837008401,
        0.9042815452129844,
        0.8487135075269728,
        0.805639765651724,
        0.7708624962289633,
        0.743852590113095,
        0.7221080083075401,
        0.7032599263830963,
        0.6899237473970626,
        0.6809238186185951,
        0.6755721479200888,
        0.6755171705908135,
        0.6784979702361227,
        0.683741604276053,
        0.688534322418118
      ],
      "avg_train_accuracies": [
        0.0,
        40.580817729604284,
        71.76503282773199,
        75.77031298891586,
        78.64313752673495,
        80.50161531433092,
        82.05787334498623,
        82.96800639218817,
        83.74613540875815,
        84.29152047695827,
        84.68058498814202,
        85.18775836252888,
        85.34060513612548,
        85.52124222635904,
        85.60113940506632,
        85.3093410224032,
        85.11480876929598,
        84.74658700252625,
        84.28109910620063,
        83.86077048709211
      ],
      "avg_valid_accuracies": [
        0.0,
        66.86030431077359,
        73.62378977476149,
        76.54218534710992,
        78.68603043701309,
        81.05117567512174,
        81.68741357277042,
        82.04702629752838,
        83.30567084572293,
        83.65145230029464,
        84.60580915830937,
        84.6196404169539,
        84.97925312852134,
        85.47717845291518,
        84.75795300339927,
        84.68879671017659,
        84.21853391626234,
        83.7482711223481,
        83.74827110915759,
        83.18118951792209
      ]
    },
    "phase2_results": {
      "avg_train_losses": [
        7.648719871678238,
        2.5327271076150573,
        1.2191116197977576,
        1.0620187185824916,
        0.94661767152441,
        0.8573543095459635,
        0.7875946359690487,
        0.7309315740112907,
        0.6849641634148044,
        0.6469141191717513,
        0.6148070144556533,
        0.5872669887490608,
        0.5642242913466035,
        0.5446306351532335,
        0.5273380368944881,
        0.5123036540024881,
        0.5001960783045957,
        0.48961920801876263,
        0.48088709726050205,
        0.4731188794260431
      ],
      "avg_valid_losses": [
        0.688534322418118,
        2.9133442801558624,
        3.908437903260459,
        4.4698069941783185,
        4.873652712504069,
        5.19233559902608,
        5.457664323149875,
        5.680377804161273,
        5.871550978005015,
        6.035424352780417,
        6.1829258421479745,
        6.3192703878896035,
        6.4354953285734355,
        6.540396771094611,
        6.629667845075721,
        6.724086766487005,
        6.787987178918566,
        6.856382782990178,
        6.924919062597294,
        6.982553323637565
      ],
      "avg_train_accuracies": [
        0.0,
        35.89570105441889,
        78.14093890182183,
        84.49568023316331,
        86.90017695554502,
        88.00353908856479,
        89.00281045071303,
        89.6221505152493,
        90.12699074088516,
        90.37160404120348,
        90.54335380451754,
        90.78796711228102,
        90.95451233599677,
        90.96492141643424,
        91.12626210551511,
        91.13667118036872,
        91.2251483318249,
        91.17310295073214,
        91.1262621030334,
        91.20953471427084
      ],
      "avg_valid_accuracies": [
        83.18118951792209,
        4.8962655601659755,
        0.0,
        0.0,
        0.0,
        0.0,
        0.0,
        0.0,
        0.0,
        0.0,
        0.0,
        0.0,
        0.0,
        0.0,
        0.0,
        0.0,
        0.0,
        0.0,
        0.0,
        0.0
      ]
    }
  },
  "interleaved": {
    "model_type": "hebbian",
    "condition": "interleaved",
    "architecture": [
      784,
      300,
      300,
      10
    ],
    "learning_rates": {
      "hidden_lr": 0.001,
      "output_lr": 0.001
    },
    "optimizer": "none (direct local Oja and delta updates)",
    "old_class_acc_trace": [
      0.0,
      66.86030431077359,
      73.62378977476149,
      76.54218534710992,
      78.68603043701309,
      81.05117567512174,
      81.68741357277042,
      82.04702629752838,
      83.30567084572293,
      83.65145230029464,
      84.60580915830937,
      84.6196404169539,
      84.97925312852134,
      85.47717845291518,
      84.75795300339927,
      84.68879671017659,
      84.21853391626234,
      83.7482711223481,
      83.74827110915759,
      83.18118951792209,
      83.18118951792209,
      79.28077458016276,
      78.28492393467272,
      76.44536653494933,
      75.90594744781241,
      74.59197788977194,
      74.02489628534595,
      74.45366529013606,
      74.79944676779118,
      74.79944676779118,
      74.55048410064782,
      75.04840941185114,
      76.41770403085079,
      77.93914247020811,
      78.4232365227669,
      79.30843708755894,
      79.8201936458651,
      79.90318120927402,
      79.3637621237859,
      78.65836791972401
    ],
    "phase1_accuracy": 83.18118951792209,
    "retained_old_accuracy": 78.65836791972401,
    "forgetting": 4.522821598198078,
    "new_class_acc_final": 74.9003984063745,
    "phase1_epochs": 20,
    "phase2_epochs": 20,
    "record_initial_baseline": true,
    "seed": 0,
    "phase1_results": {
      "avg_train_losses": [
        2.4790119411805622,
        1.8419064943749108,
        1.496497083721518,
        1.2802293261454039,
        1.126519975398196,
        1.0153575252798386,
        0.9329263487835999,
        0.8702440838776181,
        0.8207547749679426,
        0.7824478684131105,
        0.7509626425533796,
        0.72595759432301,
        0.7059038440478939,
        0.6904052088536198,
        0.6789970711387615,
        0.6714976161162428,
        0.668636461881308,
        0.6699399207197961,
        0.6739251667223233,
        0.6794004866217765
      ],