{
  "sequential": {
    "model_type": "hebbian",
    "condition": "sequential",
    "architecture": [
      784,
      100,
      10
    ],
    "learning_rates": {
      "hidden_lr": 0.01,
      "output_lr": 0.01
    },
    "optimizer": "none (direct local Oja and delta updates)",
    "old_class_acc_trace": [
      0.013831258644536652,
      86.65283543770079,
      89.50207471682653,
      90.01383127348387,
      89.66804980737045,
      89.70954358330407,
      89.80636240700633,
      90.00000002802985,
      89.91701246462092,
      90.00000001483933,
      90.11065008564444,
      89.82019366565088,
      90.13831260293351,
      90.37344401143234,
      90.3181189768542,
      89.29460583715849,
      90.4426002914645,
      90.15214387311975,
      90.29045645956512,
      90.08298757989706,
      90.08298757989706,
      5.5463347185202165,
      0.37344398340248963,
      0.06915629322268327,
      0.0,
      0.0,
      0.0,
      0.0,
      0.0,
      0.0,
      0.0,
      0.0,
      0.0,
      0.0,
      0.0,
      0.0,
      0.0,
      0.0,
      0.0,
      0.0
    ],
    "phase1_accuracy": 90.08298757989706,
    "retained_old_accuracy": 0.0,
    "forgetting": 90.08298757989706,
    "new_class_acc_final": 92.53512266722583,
    "phase1_epochs": 20,
    "phase2_epochs": 20,
    "record_initial_baseline": true,
    "seed": 0,
    "phase1_results": {
      "avg_train_losses": [
        2.5957160480621977,
        0.76449361697989,
        0.4159310754759586,
        0.3729073379860278,
        0.3681157001770064,
        0.37003663103060436,
        0.35430864420928343,
        0.3436150174573342,
        0.3350835151502703,
        0.3432351079403756,
        0.3353720987885005,
        0.33685525601022076,
        0.33509831493832676,
        0.33550452316485857,
        0.3362432504597214,
        0.3359175534806901,
        0.3256823799045253,
        0.3258610979919862,
        0.33236283341651535,
        0.3369511040691437
      ],
      "avg_valid_losses": [
        2.596771629354601,
        0.46830607568574645,
        0.39414592339949656,
        0.3733928216278635,
        0.37301071527752805,
        0.3657820150235547,
        0.3473607150845508,
        0.34160962373554127,
        0.3389614174309938,
        0.33360238449537244,
        0.3363313346482906,
        0.3335124145734689,
        0.33514443184165377,
        0.33153681359350434,
        0.33425182453659397,
        0.34037141290443074,
        0.32368487678622804,
        0.3326207725668679,
        0.3402965468654659,
        0.3351789200124569
      ],
      "avg_train_accuracies": [
        0.010421370757633655,
        80.79341369513055,
        89.19998610628836,
        90.13096189252093,
        89.87390141383264,
        89.62031472726036,
        89.98158891062624,
        89.9850627008788,
        90.36717962969396,
        90.00937923264661,
        89.91906068856508,
        89.83568972146875,
        89.96769375251482,
        90.03022197519714,
        90.07190745864177,
        90.17264737741495,
        90.21085906832946,
        90.30117761489561,
        90.11706673047549,
        89.66547399909408
      ],
      "avg_valid_accuracies": [
        0.013831258644536652,
        86.65283543770079,
        89.50207471682653,
        90.01383127348387,
        89.66804980737045,
        89.70954358330407,
        89.80636240700633,
        90.00000002802985,
        89.91701246462092,
        90.00000001483933,
        90.11065008564444,
        89.82019366565088,
        90.13831260293351,
        90.37344401143234,
        90.3181189768542,
        89.29460583715849,
        90.4426002914645,
        90.15214387311975,
        90.29045645956512,
        90.08298757989706
      ]
    },
    "phase2_results": {
      "avg_train_losses": [
        9.124017219706257,
        0.9795840225948607,
        0.298678725185436,
        0.2590950722096055,
        0.2454149571513117,
        0.24285151486287843,
        0.23619442256141357,
        0.23195014343842937,
        0.22710440579681201,
        0.22636136674131502,
        0.2262222050427708,
        0.22036676668309266,
        0.22335500005902914,
        0.22186869350906166,
        0.22339678198127055,
        0.22238491854199116,
        0.21762643299397363,
        0.22088883950122873,
        0.22110615046141335,
        0.22413444344237007
      ],
      "avg_valid_losses": [
        0.3351789200124569,
        4.732986784442991,
        5.688225364289343,
        6.291561134491389,
        6.367217844518553,
        6.458423670429742,
        6.641229734645015,
        7.141855084088169,
        7.286220898239114,
        7.361340775760213,
        7.540881442759871,
        7.66387240382151,
        7.770458705923205,
        7.820248425880738,
        8.028587803899995,
        8.082651386551177,
        8.367799154785494,
        8.869512384132396,
        9.231093587387317,
        9.263261105707572
      ],
      "avg_train_accuracies": [
        0.0,
        77.85989383238095,
        92.2400333115272,
        92.76048714727197,
        92.97907775828477,
        92.86978245277837,
        92.68762360778598,
        92.55230561297407,
        92.62516915246005,
        92.6095555373877,
        92.4898511526847,
        92.92182783697328,
        92.8593733766839,
        92.99989591419629,
        92.8281461459188,
        92.81773707168561,
        92.94264598978265,
        92.83335068427624,
        92.83855522015197,
        92.74487352971792
      ],
      "avg_valid_accuracies": [
        90.08298757989706,
        5.5463347185202165,
        0.37344398340248963,
        0.06915629322268327,
        0.0,
        0.0,
        0.0,
        0.0,
        0.0,
        0.0,
        0.0,
        0.0,
        0.0,
        0.0,
        0.0,
        0.0,
        0.0,
        0.0,
        0.0,
        0.0
      ]
    }
  },
  "interleaved": {
    "model_type": "hebbian",
    "condition": "interleaved",
    "architecture": [
      784,
      100,
      10
    ],
    "learning_rates": {
      "hidden_lr": 0.01,
      "output_lr": 0.01
    },
    "optimizer": "none (direct local Oja and delta updates)",
    "old_class_acc_trace": [
      0.013831258644536652,
      86.65283543770079,
      89.50207471682653,
      90.01383127348387,
      89.66804980737045,
      89.70954358330407,
      89.80636240700633,
      90.00000002802985,
      89.91701246462092,
      90.00000001483933,
      90.11065008564444,
      89.82019366565088,
      90.13831260293351,
      90.37344401143234,
      90.3181189768542,
      89.29460583715849,
      90.4426002914645,
      90.15214387311975,
      90.29045645956512,
      90.08298757989706,
      90.08298757989706,
      80.49792533098909,
      78.21576765464054,
      76.63900416916337,
      79.0318119245611,
      81.54910097478336,
      79.37759339067452,
      80.11065008729325,
      80.65006917443019,
      80.7330567262974,
      80.31811896696131,
      79.72337485513911,
      80.87136931274277,
      82.9183956036759,
      80.91286307713467,
      80.19363765070217,
      80.71922546765286,
      79.37759338078163,
      80.15214386322687,
      78.81051177470681
    ],
    "phase1_accuracy": 90.08298757989706,
    "retained_old_accuracy": 78.81051177470681,
    "forgetting": 11.272475805190254,
    "new_class_acc_final": 78.21346194170685,
    "phase1_epochs": 20,
    "phase2_epochs": 20,
    "record_initial_baseline": true,
    "seed": 0,