{
  "lin1_weight": -0.048885709315072745,
  "lin2_weight": 1.000000011920929
}